{"stats":{"minecraft:picked_up":{"minecraft:spruce_log":6},"minecraft:custom":{"minecraft:jump":16,"minecraft:time_since_rest":962,"minecraft:leave_game":1,"minecraft:crouch_one_cm":515,"minecraft:sprint_one_cm":2232,"minecraft:play_time":962,"minecraft:time_since_death":962,"minecraft:walk_one_cm":1440,"minecraft:sneak_time":271,"minecraft:total_world_time":962,"minecraft:fall_one_cm":894,"minecraft:fly_one_cm":3672},"minecraft:mined":{"minecraft:spruce_leaves":3,"minecraft:spruce_log":6}},"DataVersion":3953}